record_id,cluster_label,plot_area_ha,rainfall_mm,soil_ph,seed_kg,distance_km,arrival_hour
HL-0001,1,1.04,1026.9,6.33,27.7,5.5,8.8
HL-0002,0,4.03,1060.9,6.81,103.5,34.0,15.0
HL-0003,1,1.58,1110.7,5.44,41.3,20.8,18.9
HL-0004,1,1.45,838.6,7.36,39.6,36.4,22.0
HL-0005,0,2.81,707.2,5.95,66.2,13.9,12.8
HL-0006,0,3.1,668.6,6.76,67.1,19.6,11.8
HL-0007,0,3.14,1023.8,5.46,72.4,34.0,15.2
HL-0008,1,1.66,965.0,7.24,37.8,23.8,5.4
HL-0009,1,1.51,746.7,5.31,37.8,40.0,6.7
HL-0010,0,2.67,821.7,7.15,64.8,21.1,13.0
HL-0011,0,4.68,1390.4,6.4,110.4,30.5,10.2
HL-0012,1,2.66,1313.3,6.15,55.7,12.8,5.6
HL-0013,0,3.45,1098.0,6.21,80.1,22.5,20.7
HL-0014,0,2.8,1269.6,6.98,66.0,40.9,19.1
HL-0015,1,1.92,1337.6,5.42,47.8,35.5,13.8
HL-0016,0,4.85,1281.8,6.25,90.4,12.7,13.5
HL-0017,1,0.93,1210.7,6.1,20.9,1.6,5.0
HL-0018,1,0.87,1245.3,5.75,21.1,34.1,21.3
HL-0019,0,3.51,1126.6,5.54,74.2,26.7,18.1
HL-0020,0,3.74,751.1,5.69,89.3,43.2,19.9
HL-0021,0,2.77,713.3,6.67,75.8,35.5,20.6
HL-0022,0,4.14,1040.0,5.63,75.1,5.7,20.1
HL-0023,1,0.73,910.3,5.98,18.8,2.1,13.7
HL-0024,1,1.97,741.0,7.29,46.7,36.4,7.6
HL-0025,0,2.84,975.2,5.94,68.1,30.9,6.2
HL-0026,0,4.65,683.9,6.4,122.7,20.9,17.8
HL-0027,1,1.35,1183.2,7.13,26.0,24.3,18.4
HL-0028,1,1.22,1283.3,6.06,27.1,19.2,6.3
HL-0029,1,1.87,908.0,5.78,43.0,35.3,12.1
HL-0030,0,2.67,740.1,6.95,69.3,36.9,19.4
HL-0031,1,1.54,1365.3,7.13,37.7,19.0,18.3
HL-0032,0,4.83,914.0,5.54,114.1,26.2,14.2
HL-0033,1,0.99,1187.0,6.42,23.4,10.4,10.0
HL-0034,1,0.96,847.8,7.3,18.9,31.1,17.9
HL-0035,0,3.75,789.1,6.59,86.5,13.2,19.2
HL-0036,1,1.67,697.2,6.11,45.1,35.2,12.0
HL-0037,1,0.57,722.3,5.25,11.0,31.2,14.8
HL-0038,0,4.01,1105.4,6.64,96.8,41.7,10.4
HL-0039,1,1.47,997.0,7.35,39.4,31.2,19.6
HL-0040,1,2.25,1360.3,5.98,57.0,20.2,5.4
HL-0041,0,3.63,867.2,7.31,94.4,6.4,18.1
HL-0042,0,2.94,906.9,6.43,74.1,6.0,15.5
HL-0043,1,1.03,744.3,5.98,25.2,29.9,5.5
HL-0044,1,2.23,829.5,6.13,45.0,6.5,14.2
HL-0045,0,3.48,1351.0,6.7,76.5,12.2,7.5
HL-0046,0,2.65,847.9,5.89,72.7,27.1,19.3
HL-0047,0,2.99,1137.7,7.31,69.2,12.7,15.8
HL-0048,0,3.46,658.6,7.35,78.6,43.7,16.5
HL-0049,0,4.38,1345.4,7.19,96.3,44.0,21.2
HL-0050,1,2.05,800.7,5.99,50.0,25.1,13.1
HL-0051,0,4.05,1085.4,5.61,98.3,7.8,20.2
HL-0052,0,4.26,1176.8,6.95,103.9,4.7,11.3
HL-0053,0,3.79,753.5,6.83,106.1,1.8,8.7
HL-0054,0,3.08,1366.7,6.04,85.1,23.7,15.9
HL-0055,1,1.21,1031.6,5.39,30.6,15.7,9.4
HL-0056,0,4.04,771.7,5.84,94.6,16.7,21.5
HL-0057,1,1.35,1210.3,5.22,32.5,22.1,12.2
HL-0058,0,4.91,1397.6,5.58,113.7,8.9,14.2
HL-0059,1,1.24,1315.4,6.33,33.3,29.3,5.0
HL-0060,1,1.47,765.7,6.54,28.3,44.3,13.2
HL-0061,0,4.43,1195.0,6.04,107.1,29.5,10.9
HL-0062,1,2.84,1271.5,6.7,64.1,26.8,6.4
HL-0063,0,4.01,715.9,6.29,84.7,34.1,8.8
HL-0064,1,1.99,1330.3,6.79,52.9,18.7,8.0
HL-0065,0,4.13,815.1,6.72,88.7,35.6,12.0
HL-0066,1,1.19,1207.3,6.65,22.9,12.8,19.2
HL-0067,1,1.94,1280.9,6.18,37.7,28.6,9.0
HL-0068,1,1.05,870.1,6.21,23.1,2.0,17.2
HL-0069,0,3.53,902.6,6.69,96.1,41.0,19.4
HL-0070,0,2.96,807.4,5.97,63.1,41.6,17.3
HL-0071,1,0.55,1069.2,5.75,11.7,29.4,12.0
HL-0072,0,4.5,904.1,5.28,90.9,6.3,19.5
HL-0073,1,1.71,663.3,5.66,38.6,13.2,15.7
HL-0074,0,2.93,658.5,5.41,62.4,10.7,12.9
HL-0075,0,3.23,778.1,5.88,76.5,32.3,16.6
HL-0076,1,1.72,964.7,5.61,43.6,44.5,21.8
HL-0077,0,4.6,1143.4,5.95,98.8,27.7,9.3
HL-0078,1,0.67,1017.5,5.25,17.5,12.2,17.8
HL-0079,1,1.39,855.2,7.05,30.6,10.6,5.9
HL-0080,0,3.75,1145.9,6.7,96.2,14.1,13.2
HL-0081,1,0.91,1032.2,6.35,19.3,15.0,10.8
HL-0082,0,4.39,780.8,5.77,120.6,39.3,13.8
HL-0083,1,2.22,729.8,6.54,44.7,21.4,8.6
HL-0084,0,2.81,1243.8,5.8,75.1,22.5,14.5
HL-0085,0,4.28,894.3,7.39,93.8,28.1,14.2
HL-0086,0,4.91,1196.6,5.49,128.4,29.9,6.0
HL-0087,0,3.5,675.9,6.94,95.9,8.9,9.5
HL-0088,1,2.56,789.9,5.32,50.8,7.8,15.9
HL-0089,1,2.7,1059.6,5.26,54.6,17.0,14.2
HL-0090,1,1.2,893.4,6.77,22.1,1.3,6.6
HL-0091,0,3.14,1178.5,6.99,64.6,34.3,7.8
HL-0092,1,2.4,974.8,7.03,47.3,10.9,21.5
HL-0093,1,1.46,768.9,7.38,32.4,19.6,19.6
HL-0094,0,3.33,980.4,7.29,80.1,5.0,20.2
HL-0095,0,3.83,736.9,5.37,96.3,28.4,7.7
HL-0096,1,1.35,1361.0,7.36,24.7,43.7,16.0
HL-0097,0,4.61,1242.1,5.83,99.8,1.4,13.9
HL-0098,0,2.7,753.5,6.95,63.7,43.7,12.8
HL-0099,0,3.24,1094.8,7.25,80.0,15.4,9.3
HL-0100,1,2.06,1269.5,6.36,48.0,5.3,9.7
